<?xml version="1.0" encoding="UTF-8" standalone="yes"?>
<addon id="plugin.program.XBOXOVERWIZARD" name="-[B] [COLOR lime]TUDO X [/COLOR][/B]-" version="1.3.0" provider-name="by CORUJAO">
  <requires>
    <import addon="xbmc.python" version="2.1.0"/>
  </requires>
  <extension point="xbmc.python.pluginsource" library="default.py">
        <provides>executable</provides>
  </extension>
  <extension point="xbmc.service" library="startup.py" start="startup" />
  <extension point="xbmc.addon.metadata">
    <summary lang="en">XBOX OVER</summary>
    <description lang="en">[COLOR GREEN]tudo x[/COLOR]
[COLOR lime]Instalador para instalação das tudo x, Cópia não autorizada, Uso conteúdo é pessoal não upamos nada que não esteja na internet e canal não se responsabiliza danos materiais e judiciais do mal uso do Kodi. Fazemos instalações e review sob vigência
Fair Use[/COLOR]

[COLOR yellow]CHORA SONYSTA...kkk
Nunca Serão, Jamais Serão![/COLOR]
</description>
    <platform>all</platform>
  </extension>
</addon>